osm_id,existing_maxspeed,highway,classification,rf_rec_10pct,rf_rec_20pct,rf_rec_30pct,rf_rec_40pct,rf_rec_50pct,rf_rec_60pct,rf_rec_70pct,rf_rec_80pct,rf_rec_90pct,rf_rec_100pct
4357072,40,tertiary,Urban,,,,,,,,,,
637270100,30,trunk,Urban,,,,,,,,,,
55654761,30,tertiary,Urban,,,,,,,,,,
23212247,40,tertiary,Urban,,,,,,,,,,
30614940,20,tertiary,Urban,,,,,,,,,,
275299485,40,tertiary,Urban,,,,,,,,,,
47418240,40,tertiary,Urban,,,,,,,,,,
388985773,60,secondary,Urban,,,,,,,,,,
45095313,20,tertiary,Urban,,,,,,,,,,
102155148,15,tertiary,Urban,,,,,,,,,,
103387665,40,tertiary,Rural,,,,,,,,,,
116553679,40,tertiary,Urban,,,,,,,,,,
124691529,40,secondary,Urban,,,,,,,,,,
67200769,40,tertiary,Urban,,,,,,,,,,
38663728,40,tertiary,Urban,,,,,,,,,,
596568239,60,secondary,Urban,,,,,,,,,,
732916981,40,tertiary,Rural,,,,,,,,,,
157402555,40,tertiary,Urban,,,,,,,,,,
80216589,40,primary,Urban,,,,,,,,,,
263321260,40,tertiary,Urban,,,,,,,,,,
48115044,30,tertiary,Rural,,,,,,,,,,
259915558,30,tertiary,Urban,,,,,,,,,,
109201331,30,tertiary,Urban,,,,,,,,,,
98123748,30,tertiary,Urban,,,,,,,,,,
124339691,40,tertiary,Urban,,,,,,,,,,
317104847,50,secondary,Urban,,,,,,,,,,
34942238,60,secondary,Urban,,,,,,,,,,
148284280,40,tertiary,Urban,,,,,,,,,,
29177253,40,tertiary,Urban,,,,,,,,,,
31656740,60,trunk,Urban,,,,,,,,,,
4357068,30,tertiary,Urban,,,,,,,,,,
532958223,40,tertiary,Urban,,,,,,,,,,
151816018,30,tertiary,Urban,,,,,,,,,,
946196369,60,tertiary,Urban,,,,,,,,,,
130101691,80,tertiary,Urban,,,,,,,,,,
539934647,60,tertiary,Urban,,,,,,,,,,
1178699392,30,primary,Urban,,,,,,,,,,
56243343,40,tertiary,Urban,,,,,,,,,,
1089074095,30,tertiary,Urban,,,,,,,,,,
439830685,40,tertiary,Urban,,,,,,,,,,
380038046,40,tertiary,Urban,,,,,,,,,,
4935817,20,tertiary,Urban,,,,,,,,,,
135843923,40,tertiary,Urban,,,,,,,,,,
1082504224,30,secondary,Rural,,,,,,,,,,
23977308,40,primary,Rural,,,,,,,,,,
28775973,40,secondary,Urban,,,,,,,,,,
235499038,40,tertiary,Rural,,,,,,,,,,
29493102,30,tertiary,Urban,,,,,,,,,,
206490656,40,secondary,Rural,,,,,,,,,,
28533687,40,primary,Urban,,,,,,,,,,
846584622,40,tertiary,Urban,,,,,,,,,,
621411304,50,trunk,Urban,,,,,,,,,,
938462472,30,secondary,Urban,,,,,,,,,,
98690680,40,tertiary,Urban,,,,,,,,,,
154271429,40,tertiary,Urban,,,,,,,,,,
267606597,40,tertiary,Urban,,,,,,,,,,
53729048,40,tertiary,Urban,,,,,,,,,,
53627678,40,tertiary,Urban,,,,,,,,,,
29495262,30,tertiary,Urban,,,,,,,,,,
728191513,40,tertiary,Rural,,,,,,,,,,
28552791,30,tertiary,Urban,,,,,,,,,,
106993209,80,trunk,Urban,,,,,,,,,,
62103039,30,tertiary,Urban,,,,,,,,,,
152830383,60,secondary,Urban,,,,,,,,,,
30265146,50,trunk,Urban,,,,,,,,,,
160192382,30,tertiary,Urban,,,,,,,,,,
24636221,40,tertiary,Rural,,,,,,,,,,
32806735,40,tertiary,Urban,,,,,,,,,,
28188700,40,tertiary,Urban,,,,,,,,,,
51339480,30,tertiary,Urban,,,,,,,,,,
1300589677,40,tertiary,Urban,,,,,,,,,,
4896186,60,secondary,Urban,,,,,,,,,,
47409980,40,tertiary,Urban,,,,,,,,,,
28868605,40,tertiary,Urban,,,,,,,,,,
4910276,20,tertiary,Urban,,,,,,,,,,
370822568,40,tertiary,Urban,,,,,,,,,,
199028571,40,tertiary,Urban,,,,,,,,,,
35116100,40,tertiary,Urban,,,,,,,,,,
831635292,30,tertiary,Urban,,,,,,,,,,
35776890,40,tertiary,Urban,,,,,,,,,,
82162396,40,secondary,Urban,,,,,,,,,,
23959195,30,secondary,Urban,,,,,,,,,,
88191025,40,tertiary,Urban,,,,,,,,,,
92512309,40,tertiary,Rural,,,,,,,,,,
513164628,60,tertiary,Urban,,,,,,,,,,
30069089,30,tertiary,Urban,,,,,,,,,,
80482765,40,tertiary,Urban,,,,,,,,,,
68453926,80,trunk,Urban,,,,,,,,,,
130503865,60,secondary,Urban,,,,,,,,,,
1293303904,40,tertiary,Urban,,,,,,,,,,
23212320,30,tertiary,Urban,,,,,,,,,,
80677124,60,secondary,Urban,,,,,,,,,,
1304736613,40,tertiary,Urban,,,,,,,,,,
1391081455,20,secondary,Urban,,,,,,,,,,
22979738,30,tertiary,Urban,,,,,,,,,,
22952883,60,primary,Urban,,,,,,,,,,
547223474,40,primary,Urban,,,,,,,,,,
109340334,60,tertiary,Urban,,,,,,,,,,
687923745,40,tertiary,Urban,,,,,,,,,,
166905339,40,tertiary,Urban,,,,,,,,,,
90610186,40,tertiary,Urban,,,,,,,,,,
27086361,80,primary,Urban,,,,,,,,,,
166220880,40,secondary,Urban,,,,,,,,,,
23747127,40,tertiary,Urban,,,,,,,,,,
1010879848,80,primary,Urban,,,,,,,,,,
55822155,40,tertiary,Urban,,,,,,,,,,
68310849,40,tertiary,Urban,,,,,,,,,,
85049443,60,secondary,Urban,,,,,,,,,,
94081019,30,tertiary,Urban,,,,,,,,,,
553976430,30,tertiary,Urban,,,,,,,,,,
25845123,40,tertiary,Urban,,,,,,,,,,
26302583,40,tertiary,Urban,,,,,,,,,,
23520669,40,tertiary,Urban,,,,,,,,,,
173056931,60,tertiary,Urban,,,,,,,,,,
799533700,40,secondary,Urban,,,,,,,,,,
369348565,40,tertiary,Urban,,,,,,,,,,
127012099,40,secondary,Urban,,,,,,,,,,
28957488,30,tertiary,Urban,,,,,,,,,,
113778936,40,secondary,Rural,,,,,,,,,,
247106404,40,trunk,Urban,,,,,,,,,,
211228422,40,tertiary,Urban,,,,,,,,,,
372150049,40,tertiary,Rural,,,,,,,,,,
28819598,60,secondary,Urban,,,,,,,,,,
222494313,40,tertiary,Urban,,,,,,,,,,
269944886,60,secondary,Urban,,,,,,,,,,
389682614,40,tertiary,Urban,,,,,,,,,,
782901154,80,secondary,Urban,,,,,,,,,,
163214932,30,tertiary,Urban,,,,,,,,,,
53456183,30,secondary,Urban,,,,,,,,,,
157402436,40,tertiary,Urban,,,,,,,,,,
84883410,60,secondary,Urban,,,,,,,,,,
23519600,40,tertiary,Urban,,,,,,,,,,
31888590,40,tertiary,Urban,,,,,,,,,,
225520527,80,primary,Rural,,,,,,,,,,
191850306,50,secondary,Urban,,,,,,,,,,
31536714,40,tertiary,Urban,,,,,,,,,,
31759712,30,secondary,Rural,,,,,,,,,,
237456935,40,tertiary,Urban,,,,,,,,,,
13752930,30,tertiary,Urban,,,,,,,,,,
732015271,60,tertiary,Urban,,,,,,,,,,
497536845,60,primary,Urban,,,,,,,,,,
108422456,40,tertiary,Urban,,,,,,,,,,
23907787,30,tertiary,Urban,,,,,,,,,,
1009021143,40,tertiary,Urban,,,,,,,,,,
57743591,40,tertiary,Urban,,,,,,,,,,
202390943,40,secondary,Urban,,,,,,,,,,
91362842,40,tertiary,Urban,,,,,,,,,,
13752595,30,tertiary,Urban,,,,,,,,,,
770972272,40,primary,Urban,,,,,,,,,,
97677545,30,secondary,Urban,,,,,,,,,,
246869360,40,tertiary,Urban,,,,,,,,,,
149096526,40,tertiary,Urban,,,,,,,,,,
108179548,60,secondary,Urban,,,,,,,,,,
85049429,60,secondary,Urban,,,,,,,,,,
266119608,30,tertiary,Urban,,,,,,,,,,
72472581,60,secondary,Urban,,,,,,,,,,
5707692,30,tertiary,Urban,,,,,,,,,,
166219950,30,tertiary,Urban,,,,,,,,,,
23520149,60,secondary,Urban,,,,,,,,,,
155436839,40,secondary,Urban,,,,,,,,,,
115233269,40,tertiary,Urban,,,,,,,,,,
91734406,60,trunk,Urban,,,,,,,,,,
28788664,40,tertiary,Urban,,,,,,,,,,
28951497,40,tertiary,Urban,,,,,,,,,,
20528779,30,tertiary,Urban,,,,,,,,,,
23241531,40,tertiary,Urban,,,,,,,,,,
31536627,40,tertiary,Urban,,,,,,,,,,
45095282,30,tertiary,Urban,,,,,,,,,,
124692807,40,secondary,Rural,,,,,,,,,,
58494774,40,secondary,Urban,,,,,,,,,,
628700841,40,tertiary,Urban,,,,,,,,,,
903548635,80,primary,Urban,,,,,,,,,,
29354754,40,tertiary,Urban,,,,,,,,,,
133256157,40,tertiary,Urban,,,,,,,,,,
29671193,40,tertiary,Urban,,,,,,,,,,
1297142511,80,tertiary,Urban,,,,,,,,,,
705703226,30,tertiary,Urban,,,,,,,,,,
30265735,60,trunk,Urban,,,,,,,,,,
208719904,40,tertiary,Urban,,,,,,,,,,
53728264,40,tertiary,Urban,,,,,,,,,,
681683031,40,trunk,Urban,,,,,,,,,,
158171558,30,tertiary,Urban,,,,,,,,,,
108782088,40,primary,Rural,,,,,,,,,,
311852376,60,secondary,Urban,,,,,,,,,,
250252317,40,tertiary,Urban,,,,,,,,,,
579458299,40,tertiary,Urban,,,,,,,,,,
152948619,40,tertiary,Rural,,,,,,,,,,
364051677,60,tertiary,Urban,,,,,,,,,,
27421930,20,tertiary,Urban,,,,,,,,,,
587032745,40,tertiary,Urban,,,,,,,,,,
884700472,40,tertiary,Urban,,,,,,,,,,
51774810,40,tertiary,Urban,,,,,,,,,,
333003198,30,primary,Urban,,,,,,,,,,
23525865,30,trunk,Urban,,,,,,,,,,
4196131,40,tertiary,Urban,,,,,,,,,,
1121139516,30,tertiary,Urban,,,,,,,,,,
388995187,40,tertiary,Rural,,,,,,,,,,
32686458,30,secondary,Urban,,,,,,,,,,
157508590,40,tertiary,Urban,,,,,,,,,,
290794347,40,tertiary,Urban,,,,,,,,,,
28833618,50,primary,Urban,,,,,,,,,,
23976154,30,primary,Urban,,,,,,,,,,
639286550,40,tertiary,Urban,,,,,,,,,,
117892485,20,tertiary,Urban,,,,,,,,,,
28063499,30,primary,Urban,,,,,,,,,,
38363414,60,secondary,Urban,,,,,,,,,,
556852184,40,tertiary,Urban,,,,,,,,,,
340081624,80,trunk,Rural,,,,,,,,,,
4357042,30,tertiary,Urban,,,,,,,,,,
824717249,40,secondary,Urban,,,,,,,,,,
28296718,40,tertiary,Urban,,,,,,,,,,
887866209,40,tertiary,Urban,,,,,,,,,,
218689672,40,tertiary,Urban,,,,,,,,,,
106522339,40,tertiary,Urban,,,,,,,,,,
4935813,20,tertiary,Urban,,,,,,,,,,
23959201,30,secondary,Rural,,,,,,,,,,
320478659,80,primary,Urban,,,,,,,,,,
36077386,40,primary,Urban,,,,,,,,,,
164906835,80,primary,Urban,,,,,,,,,,
64977572,40,tertiary,Urban,,,,,,,,,,
36983709,40,tertiary,Urban,,,,,,,,,,
154516680,40,secondary,Urban,,,,,,,,,,
165278162,40,tertiary,Urban,,,,,,,,,,
48115051,30,tertiary,Rural,,,,,,,,,,
555235462,40,tertiary,Urban,,,,,,,,,,
316442748,80,primary,Rural,,,,,,,,,,
563380806,40,tertiary,Urban,,,,,,,,,,
389006906,60,secondary,Urban,,,,,,,,,,
56659469,40,primary,Rural,,,,,,,,,,
102644000,40,tertiary,Urban,,,,,,,,,,
229686836,80,primary,Rural,,,,,,,,,,
28341622,40,secondary,Urban,,,,,,,,,,
43313787,40,trunk,Urban,,,,,,,,,,
93819227,40,tertiary,Urban,,,,,,,,,,
855632867,30,secondary,Rural,,,,,,,,,,
560428378,80,primary,Urban,,,,,,,,,,
246746767,40,tertiary,Urban,,,,,,,,,,
297410934,40,tertiary,Rural,,,,,,,,,,
53309957,40,tertiary,Urban,,,,,,,,,,
98430126,40,tertiary,Urban,,,,,,,,,,
25776002,40,tertiary,Urban,,,,,,,,,,
471355614,20,tertiary,Urban,,,,,,,,,,
53728427,40,tertiary,Urban,,,,,,,,,,
31131639,30,tertiary,Urban,,,,,,,,,,
364060598,40,tertiary,Urban,,,,,,,,,,
174726550,30,trunk,Urban,,,,,,,,,,
154271433,40,tertiary,Urban,,,,,,,,,,
237448564,30,tertiary,Urban,,,,,,,,,,
170096380,60,secondary,Urban,,,,,,,,,,
149843782,40,tertiary,Urban,,,,,,,,,,
1015247355,30,tertiary,Urban,,,,,,,,,,
28788771,40,tertiary,Urban,,,,,,,,,,
4794394,20,tertiary,Urban,,,,,,,,,,
28531652,40,tertiary,Urban,,,,,,,,,,
152843425,30,tertiary,Urban,,,,,,,,,,
620730423,40,tertiary,Urban,,,,,,,,,,
661151779,40,tertiary,Urban,,,,,,,,,,
103277317,40,tertiary,Urban,,,,,,,,,,
25653893,50,primary,Urban,,,,,,,,,,
108398742,30,tertiary,Urban,,,,,,,,,,
384278394,80,tertiary,Urban,,,,,,,,,,
226363213,40,tertiary,Urban,,,,,,,,,,
52252195,30,tertiary,Urban,,,,,,,,,,
172525197,50,secondary,Urban,,,,,,,,,,
16852930,40,tertiary,Urban,,,,,,,,,,
4372918,40,tertiary,Urban,,,,,,,,,,
184104933,40,tertiary,Urban,,,,,,,,,,
908051871,40,tertiary,Urban,,,,,,,,,,
692110980,50,tertiary,Urban,,,,,,,,,,
47244775,40,tertiary,Urban,,,,,,,,,,
57847575,40,tertiary,Urban,,,,,,,,,,
80729012,50,secondary,Urban,,,,,,,,,,
75612286,40,tertiary,Urban,,,,,,,,,,
79143073,20,tertiary,Urban,,,,,,,,,,
560915405,60,tertiary,Urban,,,,,,,,,,
199028571,40,tertiary,Urban,,,,,,,,,,
588420890,40,tertiary,Rural,,,,,,,,,,
109201321,30,secondary,Urban,,,,,,,,,,
28104114,30,tertiary,Rural,,,,,,,,,,
389124570,40,tertiary,Rural,,,,,,,,,,
1344564680,40,tertiary,Urban,,,,,,,,,,
219896536,60,tertiary,Urban,,,,,,,,,,
245271328,60,secondary,Urban,,,,,,,,,,
153136158,20,tertiary,Rural,,,,,,,,,,
112964308,40,tertiary,Urban,,,,,,,,,,
664980582,80,secondary,Urban,,,,,,,,,,
129283926,80,tertiary,Urban,,,,,,,,,,
90967359,30,tertiary,Urban,,,,,,,,,,
1364228811,40,secondary,Urban,,,,,,,,,,
5067172,30,secondary,Urban,,,,,,,,,,
692493532,60,secondary,Rural,,,,,,,,,,
150874613,40,tertiary,Urban,,,,,,,,,,
158630864,30,tertiary,Urban,,,,,,,,,,
4948197,30,tertiary,Urban,,,,,,,,,,
28535463,60,secondary,Urban,,,,,,,,,,
23489197,60,primary,Urban,,,,,,,,,,
867866302,80,tertiary,Urban,,,,,,,,,,
28956724,40,secondary,Urban,,,,,,,,,,
28375814,30,secondary,Urban,,,,,,,,,,
28854022,30,tertiary,Urban,,,,,,,,,,
99453576,40,tertiary,Urban,,,,,,,,,,
1078181380,40,tertiary,Rural,,,,,,,,,,
194060239,80,primary,Urban,,,,,,,,,,
4943114,30,tertiary,Urban,,,,,,,,,,
157386148,80,tertiary,Urban,,,,,,,,,,
27751246,40,tertiary,Urban,,,,,,,,,,
274202207,40,tertiary,Urban,,,,,,,,,,
25937030,40,tertiary,Urban,,,,,,,,,,
51996833,40,tertiary,Urban,,,,,,,,,,
922436204,40,tertiary,Rural,,,,,,,,,,
142228440,40,tertiary,Urban,,,,,,,,,,
28321133,40,tertiary,Urban,,,,,,,,,,
47108201,40,tertiary,Urban,,,,,,,,,,
206474865,40,tertiary,Rural,,,,,,,,,,
53728472,40,tertiary,Urban,,,,,,,,,,
78136501,40,tertiary,Urban,,,,,,,,,,
118251175,80,primary,Urban,,,,,,,,,,
36495831,40,tertiary,Urban,,,,,,,,,,
152843298,60,secondary,Urban,,,,,,,,,,
247777159,40,tertiary,Urban,,,,,,,,,,
110390569,30,secondary,Urban,,,,,,,,,,
41802911,30,tertiary,Urban,,,,,,,,,,
154520875,40,tertiary,Urban,,,,,,,,,,
1288106036,40,tertiary,Rural,,,,,,,,,,
118535170,40,tertiary,Urban,,,,,,,,,,
43449056,40,tertiary,Urban,,,,,,,,,,
405582505,40,tertiary,Urban,,,,,,,,,,
109037239,40,tertiary,Rural,,,,,,,,,,
30705201,40,tertiary,Urban,,,,,,,,,,
96383808,40,trunk,Urban,,,,,,,,,,
37729738,40,tertiary,Urban,,,,,,,,,,
107030067,60,primary,Urban,,,,,,,,,,
2679610,60,secondary,Urban,,,,,,,,,,
544227906,60,secondary,Urban,,,,,,,,,,
125571011,80,tertiary,Urban,,,,,,,,,,
28422653,30,tertiary,Urban,,,,,,,,,,
319768659,30,secondary,Urban,,,,,,,,,,
4970567,30,tertiary,Urban,,,,,,,,,,
28296729,30,tertiary,Urban,,,,,,,,,,
186255468,60,secondary,Urban,,,,,,,,,,
4794370,30,tertiary,Urban,,,,,,,,,,
259050024,30,tertiary,Urban,,,,,,,,,,
43323900,50,secondary,Urban,,,,,,,,,,
455553996,30,secondary,Urban,,,,,,,,,,
48811097,40,tertiary,Urban,,,,,,,,,,
1291050586,30,tertiary,Urban,,,,,,,,,,
908997429,40,tertiary,Urban,,,,,,,,,,
233576853,80,primary,Urban,,,,,,,,,,
23520512,40,tertiary,Urban,,,,,,,,,,
161964181,40,tertiary,Urban,,,,,,,,,,
27276449,40,secondary,Urban,,,,,,,,,,
921326553,40,tertiary,Urban,,,,,,,,,,
23518792,40,tertiary,Urban,,,,,,,,,,
911226737,40,tertiary,Urban,,,,,,,,,,
28312347,50,secondary,Rural,49.9999996365207,35.00000023969426,,,,,,,,
686558017,40,tertiary,Urban,,,,,,,,,,
206474849,30,tertiary,Rural,,,,,,,,,,
4990014,20,tertiary,Urban,,,,,,,,,,
1017404592,40,secondary,Rural,,,,,,,,,,
94507662,30,tertiary,Urban,,,,,,,,,,
32834724,40,tertiary,Urban,,,,,,,,,,
762983076,40,primary,Urban,,,,,,,,,,
88521252,60,secondary,Urban,,,,,,,,,,
133117359,40,tertiary,Urban,,,,,,,,,,
165193727,30,tertiary,Urban,,,,,,,,,,
28817564,50,primary,Urban,,,,,,,,,,
337410401,40,tertiary,Urban,,,,,,,,,,
170314091,40,tertiary,Urban,,,,,,,,,,
550428767,40,tertiary,Urban,,,,,,,,,,
229319847,30,tertiary,Rural,,,,,,,,,,
23004631,80,primary,Urban,,,,,,,,,,
564504389,80,secondary,Rural,,,,,,,,,,
91661834,20,tertiary,Urban,,,,,,,,,,
239063465,60,secondary,Urban,,,,,,,,,,
530040094,30,tertiary,Urban,,,,,,,,,,
247340762,80,tertiary,Urban,,,,,,,,,,
46872232,40,tertiary,Urban,,,,,,,,,,
124006450,40,tertiary,Urban,,,,,,,,,,
1353194532,40,tertiary,Urban,,,,,,,,,,
28260672,20,tertiary,Urban,,,,,,,,,,
530281038,40,tertiary,Urban,,,,,,,,,,
32687155,40,tertiary,Urban,,,,,,,,,,
836159854,40,tertiary,Urban,,,,,,,,,,
334814826,40,secondary,Rural,,,,,,,,,,
55269214,20,tertiary,Urban,,,,,,,,,,
29336099,30,secondary,Urban,,,,,,,,,,
153136133,40,secondary,Rural,,,,,,,,,,
31009925,60,trunk,Urban,,,,,,,,,,
23172010,20,tertiary,Urban,,,,,,,,,,
166490681,40,tertiary,Urban,,,,,,,,,,
24636322,30,primary,Rural,,,,,,,,,,
630175329,60,secondary,Urban,,,,,,,,,,
171980879,80,tertiary,Urban,,,,,,,,,,
25612872,60,secondary,Urban,,,,,,,,,,
248442790,60,primary,Urban,,,,,,,,,,
4794436,30,tertiary,Urban,,,,,,,,,,
80731825,30,secondary,Urban,,,,,,,,,,
157554424,40,tertiary,Urban,,,,,,,,,,
37334825,40,tertiary,Urban,,,,,,,,,,
4960406,40,tertiary,Urban,,,,,,,,,,
45652152,40,tertiary,Urban,,,,,,,,,,
28316152,60,secondary,Urban,,,,,,,,,,
207272564,60,trunk,Rural,,,,,,,,,,
245824782,40,tertiary,Urban,,,,,,,,,,
25800032,40,tertiary,Urban,,,,,,,,,,
151324871,40,tertiary,Urban,,,,,,,,,,
485773059,40,tertiary,Urban,,,,,,,,,,
4896142,60,primary,Urban,,,,,,,,,,
674668140,60,primary,Urban,,,,,,,,,,
1123799169,40,tertiary,Urban,,,,,,,,,,
49040124,40,primary,Urban,,,,,,,,,,
18329100,40,secondary,Urban,,,,,,,,,,
23519796,40,tertiary,Urban,,,,,,,,,,
194245163,80,primary,Urban,,,,,,,,,,
27905622,40,tertiary,Urban,,,,,,,,,,
59471366,20,trunk,Rural,,,,,,,,,,
887866211,40,tertiary,Urban,,,,,,,,,,
251446498,60,secondary,Urban,,,,,,,,,,
29339571,30,secondary,Urban,,,,,,,,,,
1061169996,40,secondary,Urban,,,,,,,,,,
4270604,40,secondary,Rural,,,,,,,,,,
620642399,40,tertiary,Urban,,,,,,,,,,
24375212,30,tertiary,Urban,,,,,,,,,,
10587290,30,tertiary,Urban,,,,,,,,,,
160452789,40,tertiary,Urban,,,,,,,,,,
104660762,80,primary,Urban,,,,,,,,,,
1190057624,60,secondary,Urban,35.000000239694444,,,,,,,,,
23961512,30,secondary,Rural,,,,,,,,,,
98461318,30,tertiary,Urban,,,,,,,,,,
53144589,20,tertiary,Urban,,,,,,,,,,
99453423,40,tertiary,Urban,,,,,,,,,,
13845345,30,secondary,Urban,,,,,,,,,,
127522020,40,tertiary,Urban,,,,,,,,,,
95484714,40,tertiary,Urban,,,,,,,,,,
105702256,60,primary,Urban,,,,,,,,,,
149848410,40,tertiary,Urban,,,,,,,,,,
144905294,40,tertiary,Urban,,,,,,,,,,
23213762,30,secondary,Urban,,,,,,,,,,
106212239,60,secondary,Urban,,,,,,,,,,
127134136,80,primary,Urban,,,,,,,,,,
368461882,40,secondary,Urban,,,,,,,,,,
680843931,40,tertiary,Urban,,,,,,,,,,
104373669,40,tertiary,Urban,,,,,,,,,,
23961567,30,tertiary,Rural,,,,,,,,,,
27906261,80,primary,Urban,,,,,,,,,,
116426162,40,tertiary,Urban,,,,,,,,,,
132397229,30,tertiary,Urban,,,,,,,,,,
56197677,40,tertiary,Urban,,,,,,,,,,
166219968,30,tertiary,Urban,,,,,,,,,,
246729116,60,secondary,Urban,,,,,,,,,,
4970426,30,tertiary,Urban,,,,,,,,,,
90967351,40,tertiary,Urban,,,,,,,,,,
593153959,80,primary,Urban,,,,,,,,,,
108110343,60,secondary,Rural,,,,,,,,,,
106768827,40,tertiary,Urban,,,,,,,,,,
142871867,40,tertiary,Urban,,,,,,,,,,
153751844,40,tertiary,Urban,,,,,,,,,,
348821523,40,tertiary,Rural,,,,,,,,,,
106393064,40,tertiary,Urban,,,,,,,,,,
23087112,40,tertiary,Urban,,,,,,,,,,
912288621,40,tertiary,Urban,,,,,,,,,,
46990641,20,tertiary,Urban,,,,,,,,,,
124826624,20,tertiary,Urban,,,,,,,,,,
166189567,40,tertiary,Urban,,,,,,,,,,
246788025,40,tertiary,Urban,,,,,,,,,,
79143071,20,tertiary,Urban,,,,,,,,,,
51125781,40,tertiary,Urban,,,,,,,,,,
28741520,40,secondary,Urban,,,,,,,,,,
88617173,60,primary,Urban,,,,,,,,,,
1154967595,80,secondary,Urban,,,,,,,,,,
28812119,40,tertiary,Urban,,,,,,,,,,
24204934,30,tertiary,Urban,,,,,,,,,,
243498720,40,tertiary,Urban,,,,,,,,,,
389124437,40,tertiary,Rural,,,,,,,,,,
114943205,60,secondary,Urban,,,,,,,,,,
108706525,30,secondary,Urban,,,,,,,,,,
46715617,40,tertiary,Urban,,,,,,,,,,
56872246,60,primary,Urban,,,,,,,,,,
907198460,40,tertiary,Urban,,,,,,,,,,
4813922,60,primary,Urban,,,,,,,,,,
859189065,30,tertiary,Urban,,,,,,,,,,
222917340,40,primary,Rural,,,,,,,,,,
190596438,20,trunk,Urban,,,,,,,,,,
6059794,30,tertiary,Urban,,,,,,,,,,
23961412,30,tertiary,Urban,,,,,,,,,,
28933168,40,secondary,Urban,,,,,,,,,,
903548620,80,tertiary,Rural,,,,,,,,,,
99210252,80,primary,Urban,,,,,,,,,,
23961659,30,secondary,Urban,,,,,,,,,,
2679609,60,secondary,Urban,,,,,,,,,,
31303886,60,secondary,Urban,,,,,,,,,,
42759920,60,secondary,Urban,,,,,,,,,,
4277150,40,tertiary,Urban,,,,,,,,,,
23949677,40,primary,Rural,,,,,,,,,,
47094136,50,primary,Urban,,,,,,,,,,
203433923,40,tertiary,Urban,,,,,,,,,,
30077625,40,tertiary,Urban,,,,,,,,,,
54927938,30,trunk,Urban,,,,,,,,,,
866621022,40,tertiary,Urban,,,,,,,,,,
586653093,40,tertiary,Urban,,,,,,,,,,
207272563,40,tertiary,Rural,,,,,,,,,,
324469119,40,secondary,Rural,,,,,,,,,,
83005204,60,secondary,Urban,,,,,,,,,,
47414598,40,tertiary,Urban,,,,,,,,,,
159664741,40,tertiary,Urban,,,,,,,,,,
83020113,30,tertiary,Urban,,,,,,,,,,
342896064,60,secondary,Rural,,,,,,,,,,
4948651,40,tertiary,Urban,,,,,,,,,,
622275194,40,tertiary,Urban,,,,,,,,,,
169542555,40,tertiary,Urban,,,,,,,,,,
791215986,60,secondary,Urban,,,,,,,,,,
23213934,20,tertiary,Urban,,,,,,,,,,
109729822,50,secondary,Urban,,,,,,,,,,
89463488,80,primary,Urban,,,,,,,,,,
29369627,40,tertiary,Urban,,,,,,,,,,
152947843,40,secondary,Rural,,,,,,,,,,
13845243,30,secondary,Urban,,,,,,,,,,
245824798,40,tertiary,Urban,,,,,,,,,,
153147575,30,tertiary,Rural,,,,,,,,,,
104091025,40,tertiary,Urban,,,,,,,,,,
167433014,70,trunk,Urban,,,,,,,,,,
88191120,40,secondary,Urban,,,,,,,,,,
4928819,60,secondary,Urban,,,,,,,,,,
53309220,30,tertiary,Urban,,,,,,,,,,
396411283,40,tertiary,Urban,,,,,,,,,,
1320022131,40,tertiary,Urban,,,,,,,,,,
4910954,20,tertiary,Urban,,,,,,,,,,
23949741,30,tertiary,Urban,,,,,,,,,,
1291907136,40,tertiary,Urban,,,,,,,,,,
112703219,30,tertiary,Urban,,,,,,,,,,
18578523,30,tertiary,Urban,,,,,,,,,,
142225508,80,primary,Rural,,,,,,,,,,
53309255,30,tertiary,Urban,,,,,,,,,,
97521822,40,tertiary,Urban,,,,,,,,,,
110167512,60,tertiary,Urban,,,,,,,,,,
361824458,80,tertiary,Urban,,,,,,,,,,
247465139,60,secondary,Urban,,,,,,,,,,
55510069,60,primary,Urban,,,,,,,,,,
5172516,20,tertiary,Urban,,,,,,,,,,
54233873,60,trunk,Urban,,,,,,,,,,
29369541,40,secondary,Urban,,,,,,,,,,
263319788,40,secondary,Urban,,,,,,,,,,
25800034,40,tertiary,Urban,,,,,,,,,,
124469938,60,secondary,Urban,,,,,,,,,,
55334443,40,tertiary,Rural,,,,,,,,,,
114649489,40,tertiary,Urban,,,,,,,,,,
28908326,40,tertiary,Urban,,,,,,,,,,
56095992,40,tertiary,Urban,,,,,,,,,,
269944852,20,tertiary,Urban,,,,,,,,,,
230545603,40,tertiary,Rural,,,,,,,,,,
98123577,30,tertiary,Urban,,,,,,,,,,
444682435,30,secondary,Urban,,,,,,,,,,
38572319,60,secondary,Urban,,,,,,,,,,
82698668,30,secondary,Urban,,,,,,,,,,
36759381,30,tertiary,Urban,,,,,,,,,,
33278524,60,primary,Urban,,,,,,,,,,
98839907,40,tertiary,Urban,,,,,,,,,,
38569953,50,secondary,Urban,,,,,,,,,,
1301675273,40,tertiary,Urban,,,,,,,,,,
383905206,60,secondary,Urban,,,,,,,,,,
906374689,40,secondary,Urban,,,,,,,,,,
639286550,40,tertiary,Urban,,,,,,,,,,
556777689,30,secondary,Urban,,,,,,,,,,
105866067,40,tertiary,Urban,,,,,,,,,,
76158294,40,tertiary,Urban,,,,,,,,,,
29840348,60,secondary,Urban,,,,,,,,,,
243879781,40,tertiary,Urban,,,,,,,,,,
152830383,60,secondary,Rural,,,,,,,,,,
102925202,40,tertiary,Urban,,,,,,,,,,
5073937,40,tertiary,Urban,,,,,,,,,,
183111742,40,primary,Rural,,,,,,,,,,
229354573,30,tertiary,Rural,,,,,,,,,,
47061858,60,secondary,Urban,,,,,,,,,,
246666110,40,tertiary,Urban,,,,,,,,,,
948221295,60,tertiary,Urban,,,,,,,,,,
166903528,40,tertiary,Urban,,,,,,,,,,
28341482,40,tertiary,Urban,,,,,,,,,,
31406520,40,tertiary,Urban,,,,,,,,,,
23921366,20,tertiary,Urban,,,,,,,,,,
4302981,40,tertiary,Urban,,,,,,,,,,
49426091,30,tertiary,Urban,,,,,,,,,,
336769860,30,secondary,Urban,,,,,,,,,,
108227172,40,secondary,Urban,,,,,,,,,,
125117826,40,tertiary,Urban,,,,,,,,,,
55688276,30,secondary,Urban,,,,,,,,,,
48995065,40,secondary,Urban,,,,,,,,,,
373748555,40,tertiary,Urban,,,,,,,,,,
47402473,80,primary,Rural,,,,,,,,,,
114813863,60,tertiary,Rural,,,,,,,,,,
4709154,80,primary,Urban,,,,,,,,,,
170245270,60,secondary,Urban,,,,,,,,,,
27926548,60,secondary,Urban,,,,,,,,,,
1107307400,60,primary,Urban,,,,,,,,,,
976910580,60,secondary,Urban,,,,,,,,,,
301760209,60,secondary,Urban,,,,,,,,,,
29369536,40,primary,Urban,,,,,,,,,,
24620627,40,tertiary,Urban,,,,,,,,,,
183110639,30,tertiary,Rural,,,,,,,,,,
591962064,40,tertiary,Urban,,,,,,,,,,
153736547,40,tertiary,Urban,,,,,,,,,,
27299476,40,secondary,Urban,,,,,,,,,,
339191446,80,primary,Urban,,,,,,,,,,
75533431,40,tertiary,Urban,,,,,,,,,,
849739467,80,secondary,Urban,,,,,,,,,,
827101979,30,secondary,Rural,,,,,,,,,,
673840441,60,secondary,Urban,,,,,,,,,,
4483518,60,primary,Urban,,,,,,,,,,
170214416,60,secondary,Urban,,,,,,,,,,
4990114,30,tertiary,Urban,,,,,,,,,,
52016331,40,tertiary,Urban,,,,,,,,,,
4864466,20,tertiary,Urban,,,,,,,,,,
91583574,40,tertiary,Urban,,,,,,,,,,
740856808,60,secondary,Urban,,,,,,,,,,
28874254,40,tertiary,Urban,,,,,,,,,,
34754315,40,tertiary,Urban,,,,,,,,,,
513354004,80,tertiary,Urban,,,,,,,,,,
13752595,30,tertiary,Urban,,,,,,,,,,
789925251,30,tertiary,Urban,,,,,,,,,,
455483996,30,tertiary,Urban,,,,,,,,,,
3573993,30,secondary,Urban,,,,,,,,,,
25776055,40,tertiary,Urban,,,,,,,,,,
311151526,50,trunk,Urban,,,,,,,,,,
242185816,30,tertiary,Urban,,,,,,,,,,
28341298,20,tertiary,Urban,,,,,,,,,,
151460763,40,tertiary,Urban,,,,,,,,,,
721696097,40,tertiary,Urban,,,,,,,,,,
4372939,30,tertiary,Urban,,,,,,,,,,
114444358,40,tertiary,Urban,,,,,,,,,,
98102474,60,secondary,Urban,,,,,,,,,,
109756027,30,tertiary,Urban,,,,,,,,,,
45179937,30,tertiary,Urban,,,,,,,,,,
23927299,30,tertiary,Urban,,,,,,,,,,
391856984,40,tertiary,Urban,,,,,,,,,,
27299116,20,tertiary,Urban,,,,,,,,,,
27034714,80,primary,Urban,,,,,,,,,,
27421977,30,secondary,Urban,,,,,,,,,,
824409135,60,secondary,Urban,,,,,,,,,,
153147602,30,tertiary,Rural,,,,,,,,,,
28472322,50,trunk,Rural,,,,,,,,,,
25776155,40,tertiary,Urban,,,,,,,,,,
29100808,40,tertiary,Rural,,,,,,,,,,
179079135,40,tertiary,Urban,,,,,,,,,,
104625957,40,tertiary,Rural,,,,,,,,,,
170174838,80,primary,Urban,,,,,,,,,,
303418230,60,tertiary,Urban,,,,,,,,,,
544331561,40,tertiary,Urban,,,,,,,,,,
50815080,40,tertiary,Urban,,,,,,,,,,
99339649,80,tertiary,Urban,,,,,,,,,,
53397092,40,tertiary,Urban,,,,,,,,,,
863256907,40,tertiary,Urban,,,,,,,,,,
53309255,30,tertiary,Urban,,,,,,,,,,
172917568,30,tertiary,Urban,,,,,,,,,,
908667377,30,tertiary,Urban,,,,,,,,,,
1059031389,30,tertiary,Urban,,,,,,,,,,
117996488,60,secondary,Urban,,,,,,,,,,
124180466,40,secondary,Urban,,,,,,,,,,
908035864,40,tertiary,Rural,,,,,,,,,,
559948201,40,tertiary,Urban,,,,,,,,,,
892600481,40,tertiary,Urban,,,,,,,,,,
102309160,40,tertiary,Rural,,,,,,,,,,
98123767,30,tertiary,Urban,,,,,,,,,,
309649480,80,primary,Rural,,,,,,,,,,
30328381,40,tertiary,Urban,,,,,,,,,,
4893540,20,tertiary,Urban,,,,,,,,,,
53764419,30,tertiary,Urban,,,,,,,,,,
56461782,80,primary,Urban,69.99999978589749,,,,,,,,,
98737792,40,tertiary,Urban,,,,,,,,,,
221302166,30,secondary,Urban,,,,,,,,,,
43449057,30,tertiary,Urban,,,,,,,,,,
142815162,50,secondary,Urban,,,,,,,,,,
95783372,20,tertiary,Urban,,,,,,,,,,
30411912,30,tertiary,Urban,,,,,,,,,,
98683744,30,tertiary,Urban,,,,,,,,,,
570205217,30,tertiary,Urban,,,,,,,,,,
238072265,60,secondary,Rural,,,,,,,,,,
355386446,40,tertiary,Urban,,,,,,,,,,
32836879,60,secondary,Rural,,,,,,,,,,
486279167,40,tertiary,Urban,,,,,,,,,,
1059058003,20,tertiary,Urban,,,,,,,,,,
42530164,40,secondary,Urban,,,,,,,,,,
92787403,40,tertiary,Rural,,,,,,,,,,
104432199,80,primary,Urban,,,,,,,,,,
880247497,40,tertiary,Urban,,,,,,,,,,
97936211,30,trunk,Urban,,,,,,,,,,
135066146,80,secondary,Urban,,,,,,,,,,
42274752,60,secondary,Urban,,,,,,,,,,
20516599,30,tertiary,Urban,,,,,,,,,,
111486703,40,tertiary,Rural,,,,,,,,,,
112953880,40,tertiary,Urban,,,,,,,,,,
343547555,30,tertiary,Urban,,,,,,,,,,
53309190,30,tertiary,Urban,,,,,,,,,,
71936818,30,secondary,Urban,,,,,,,,,,
4263573,40,tertiary,Urban,,,,,,,,,,
30565248,60,secondary,Urban,,,,,,,,,,
4357049,40,secondary,Urban,,,,,,,,,,
100222868,60,secondary,Urban,,,,,,,,,,
344925068,40,primary,Urban,,,,,,,,,,
543586633,40,tertiary,Urban,,,,,,,,,,
974994534,40,primary,Urban,,,,,,,,,,
72472581,60,secondary,Rural,,,,,,,,,,
7971852,30,tertiary,Urban,,,,,,,,,,
670345762,40,tertiary,Urban,,,,,,,,,,
79301610,50,primary,Urban,,,,,,,,,,
1121558255,30,tertiary,Urban,,,,,,,,,,
246354005,40,secondary,Urban,,,,,,,,,,
715837088,40,tertiary,Urban,,,,,,,,,,
682228595,60,tertiary,Urban,,,,,,,,,,
494337715,40,tertiary,Urban,,,,,,,,,,
28996747,40,tertiary,Urban,,,,,,,,,,
30328426,40,tertiary,Urban,,,,,,,,,,
105561196,30,tertiary,Rural,,,,,,,,,,
53844080,30,trunk,Urban,,,,,,,,,,
317318138,40,tertiary,Urban,,,,,,,,,,
46887056,40,tertiary,Urban,,,,,,,,,,
25862680,60,primary,Urban,,,,,,,,,,
55806183,40,tertiary,Urban,,,,,,,,,,
112499237,40,tertiary,Urban,,,,,,,,,,
1390769262,80,primary,Rural,,,,,,,,,,
47108001,40,tertiary,Urban,,,,,,,,,,
29451510,30,tertiary,Urban,,,,,,,,,,
23172186,30,tertiary,Urban,,,,,,,,,,
144484202,30,secondary,Rural,,,,,,,,,,
1343674544,40,secondary,Urban,,,,,,,,,,
338372697,60,secondary,Urban,,,,,,,,,,
275712981,40,tertiary,Urban,,,,,,,,,,
150602882,40,tertiary,Urban,,,,,,,,,,
186593866,40,tertiary,Urban,,,,,,,,,,
1022506651,60,secondary,Urban,,,,,,,,,,
11625686,30,tertiary,Urban,,,,,,,,,,
27753151,60,secondary,Urban,,,,,,,,,,
570844294,60,secondary,Urban,,,,,,,,,,
11436992,30,tertiary,Urban,,,,,,,,,,
50612573,80,primary,Rural,,,,,,,,,,
206667349,40,tertiary,Rural,,,,,,,,,,
723678785,60,tertiary,Urban,,,,,,,,,,
141922197,40,tertiary,Urban,,,,,,,,,,
1017404625,40,tertiary,Rural,,,,,,,,,,
116310102,30,tertiary,Rural,,,,,,,,,,
23518788,40,tertiary,Urban,,,,,,,,,,
59260201,30,tertiary,Urban,,,,,,,,,,
556482013,40,tertiary,Urban,,,,,,,,,,
1369600138,30,secondary,Urban,,,,,,,,,,
153735565,40,tertiary,Urban,,,,,,,,,,
95378308,40,tertiary,Urban,,,,,,,,,,
116305152,30,tertiary,Rural,,,,,,,,,,
124166490,40,secondary,Urban,,,,,,,,,,
921165989,40,tertiary,Urban,,,,,,,,,,
28322905,40,primary,Urban,,,,,,,,,,
836159854,40,tertiary,Urban,,,,,,,,,,
1079803308,20,tertiary,Urban,,,,,,,,,,
41443647,30,tertiary,Urban,,,,,,,,,,
7980946,40,tertiary,Urban,,,,,,,,,,
8426141,30,trunk,Urban,,,,,,,,,,
32834747,40,tertiary,Urban,,,,,,,,,,
158880872,40,tertiary,Urban,,,,,,,,,,
190380770,40,tertiary,Urban,,,,,,,,,,
550903150,40,primary,Urban,,,,,,,,,,
5235848,30,secondary,Urban,,,,,,,,,,
273536976,40,tertiary,Urban,,,,,,,,,,
33973931,40,primary,Rural,,,,,,,,,,
39160971,40,tertiary,Urban,,,,,,,,,,
246869356,40,tertiary,Urban,,,,,,,,,,
142814884,50,secondary,Urban,,,,,,,,,,
149583259,80,primary,Rural,,,,,,,,,,
4947832,30,tertiary,Urban,,,,,,,,,,
28312329,40,tertiary,Rural,,,,,,,,,,
28531650,60,secondary,Rural,49.99999963652017,,,,,,,,,
24224171,40,tertiary,Urban,,,,,,,,,,
682906525,80,tertiary,Urban,,,,,,,,,,
56826635,50,tertiary,Urban,,,,,,,,,,
80677211,40,tertiary,Urban,,,,,,,,,,
587353903,40,tertiary,Urban,,,,,,,,,,
158030064,40,tertiary,Urban,,,,,,,,,,
357048138,40,primary,Urban,,,,,,,,,,
4243613,80,primary,Urban,,,,,,,,,,
151460833,60,secondary,Urban,,,,,,,,,,
251433105,30,trunk,Urban,,,,,,,,,,
157475875,40,tertiary,Urban,,,,,,,,,,
101325103,40,tertiary,Urban,,,,,,,,,,
713354191,40,tertiary,Urban,,,,,,,,,,
886802457,40,tertiary,Urban,,,,,,,,,,
1304505949,30,tertiary,Urban,,,,,,,,,,
134381163,40,tertiary,Urban,,,,,,,,,,
172100020,80,primary,Urban,,,,,,,,,,
29493810,30,secondary,Urban,,,,,,,,,,
252993720,30,secondary,Rural,,,,,,,,,,
154078403,30,tertiary,Urban,,,,,,,,,,
55824443,40,tertiary,Urban,,,,,,,,,,
79175471,30,tertiary,Urban,,,,,,,,,,
94080239,30,tertiary,Urban,,,,,,,,,,
42408060,40,tertiary,Urban,,,,,,,,,,
842173722,40,tertiary,Urban,,,,,,,,,,
43323977,50,trunk,Urban,,,,,,,,,,
281840277,60,secondary,Urban,,,,,,,,,,
88790183,60,secondary,Rural,,,,,,,,,,
23949811,30,tertiary,Urban,,,,,,,,,,
53309815,40,tertiary,Urban,,,,,,,,,,
157490180,80,primary,Urban,,,,,,,,,,
140195426,20,tertiary,Urban,,,,,,,,,,
82173699,80,secondary,Rural,,,,,,,,,,
180786797,60,secondary,Urban,,,,,,,,,,
1395884803,60,secondary,Urban,,,,,,,,,,
4893540,20,tertiary,Urban,,,,,,,,,,
351436786,40,tertiary,Rural,,,,,,,,,,
423519140,40,tertiary,Urban,,,,,,,,,,
863483957,40,tertiary,Urban,,,,,,,,,,
135629085,40,tertiary,Urban,,,,,,,,,,
92512281,30,tertiary,Rural,,,,,,,,,,
52977445,40,secondary,Urban,,,,,,,,,,
28738600,40,tertiary,Urban,,,,,,,,,,
23519700,40,tertiary,Urban,,,,,,,,,,
36952897,80,primary,Urban,,,,,,,,,,
22770730,40,tertiary,Urban,,,,,,,,,,
29451526,40,secondary,Urban,,,,,,,,,,
169686361,30,tertiary,Urban,,,,,,,,,,
51339462,30,tertiary,Urban,,,,,,,,,,
34403875,30,trunk,Rural,,,,,,,,,,
131355990,60,secondary,Urban,,,,,,,,,,
1254891492,20,tertiary,Urban,,,,,,,,,,
52132459,50,primary,Urban,,,,,,,,,,
158149166,30,secondary,Urban,,,,,,,,,,
198485701,60,secondary,Urban,,,,,,,,,,
39277068,60,secondary,Rural,,,,,,,,,,
7978474,80,primary,Urban,,,,,,,,,,
98259719,40,tertiary,Urban,,,,,,,,,,
28324280,30,secondary,Urban,,,,,,,,,,
124826156,20,tertiary,Urban,,,,,,,,,,
170593001,20,tertiary,Urban,,,,,,,,,,
157191812,80,tertiary,Urban,,,,,,,,,,
439964384,40,tertiary,Urban,,,,,,,,,,
162565188,40,tertiary,Urban,,,,,,,,,,
696234201,60,tertiary,Urban,,,,,,,,,,
1121236786,40,tertiary,Urban,,,,,,,,,,
23297574,40,tertiary,Urban,,,,,,,,,,
28773282,30,primary,Urban,,,,,,,,,,
336769860,30,secondary,Rural,,,,,,,,,,
970786929,40,tertiary,Urban,,,,,,,,,,
236957684,40,tertiary,Rural,,,,,,,,,,
1180181184,40,tertiary,Urban,,,,,,,,,,
664388147,80,primary,Urban,,,,,,,,,,
630175317,40,tertiary,Urban,,,,,,,,,,
46990639,20,tertiary,Urban,,,,,,,,,,
33048853,60,trunk,Rural,,,,,,,,,,
1268189897,80,secondary,Urban,,,,,,,,,,
8294763,30,primary,Urban,,,,,,,,,,
194238832,60,secondary,Rural,,,,,,,,,,
178321574,40,tertiary,Urban,,,,,,,,,,
2679607,60,secondary,Urban,,,,,,,,,,
4361078,40,tertiary,Urban,,,,,,,,,,
89993886,40,secondary,Urban,,,,,,,,,,
246802256,40,tertiary,Urban,,,,,,,,,,
55949422,80,primary,Urban,,,,,,,,,,
259436897,40,tertiary,Urban,,,,,,,,,,
42272290,30,tertiary,Rural,,,,,,,,,,
24247758,40,tertiary,Urban,,,,,,,,,,
23649510,40,tertiary,Urban,,,,,,,,,,
38860877,60,secondary,Urban,,,,,,,,,,
91900398,30,tertiary,Urban,,,,,,,,,,
254467490,40,secondary,Urban,,,,,,,,,,
179463859,40,tertiary,Rural,,,,,,,,,,
9222801,30,tertiary,Urban,,,,,,,,,,
242185816,30,tertiary,Urban,,,,,,,,,,
219864904,40,tertiary,Urban,,,,,,,,,,
10852610,30,tertiary,Urban,,,,,,,,,,
150868685,40,tertiary,Urban,,,,,,,,,,
1235566347,40,tertiary,Urban,,,,,,,,,,
49068526,40,primary,Urban,,,,,,,,,,
331175318,60,secondary,Urban,,,,,,,,,,
23172177,30,tertiary,Urban,,,,,,,,,,
561765490,30,tertiary,Urban,,,,,,,,,,
158171521,30,tertiary,Urban,,,,,,,,,,
246374519,60,secondary,Urban,,,,,,,,,,
936978147,40,secondary,Urban,,,,,,,,,,
692673236,20,tertiary,Urban,,,,,,,,,,
27237976,40,tertiary,Urban,,,,,,,,,,
48115059,30,tertiary,Rural,,,,,,,,,,
99142680,40,tertiary,Urban,,,,,,,,,,
90799013,80,primary,Urban,,,,,,,,,,
26599298,40,secondary,Urban,,,,,,,,,,
550853127,20,tertiary,Urban,,,,,,,,,,
4302957,40,tertiary,Urban,,,,,,,,,,
991822074,40,primary,Urban,,,,,,,,,,
55527473,60,trunk,Urban,,,,,,,,,,
1254891492,20,tertiary,Urban,,,,,,,,,,
104656418,60,trunk,Urban,,,,,,,,,,
108351544,30,tertiary,Urban,,,,,,,,,,
53309173,30,tertiary,Urban,,,,,,,,,,
47402478,40,secondary,Urban,,,,,,,,,,
1068670943,30,tertiary,Urban,,,,,,,,,,
95344666,60,secondary,Rural,,,,,,,,,,
166219964,30,tertiary,Urban,,,,,,,,,,
229485088,30,tertiary,Rural,,,,,,,,,,
28441556,60,secondary,Urban,,,,,,,,,,
80676892,40,tertiary,Urban,,,,,,,,,,
95783377,40,tertiary,Urban,,,,,,,,,,
981658075,60,secondary,Rural,,,,,,,,,,
844761247,20,tertiary,Urban,,,,,,,,,,
73955302,60,secondary,Urban,,,,,,,,,,
31406903,40,tertiary,Urban,,,,,,,,,,
28503068,40,tertiary,Urban,,,,,,,,,,
26948964,40,tertiary,Urban,,,,,,,,,,
56002402,40,tertiary,Urban,,,,,,,,,,
180345594,60,secondary,Urban,,,,,,,,,,
1326465508,40,secondary,Urban,,,,,,,,,,
641919099,40,tertiary,Urban,,,,,,,,,,
16853495,40,tertiary,Urban,,,,,,,,,,
99204002,80,secondary,Urban,,,,,,,,,,
4794437,30,tertiary,Urban,,,,,,,,,,
4243928,20,tertiary,Urban,,,,,,,,,,
4308773,30,tertiary,Urban,,,,,,,,,,
34387011,40,tertiary,Urban,,,,,,,,,,
53728963,40,tertiary,Urban,,,,,,,,,,
41782550,30,tertiary,Urban,,,,,,,,,,
23088387,40,tertiary,Urban,,,,,,,,,,
70416779,60,secondary,Urban,,,,,,,,,,
61015145,60,secondary,Urban,,,,,,,,,,
52336398,40,secondary,Urban,,,,,,,,,,
26036876,40,tertiary,Urban,,,,,,,,,,
245615970,60,secondary,Urban,,,,,,,,,,
455487235,30,tertiary,Urban,,,,,,,,,,
1017404626,40,tertiary,Rural,,,,,,,,,,
37936127,50,primary,Urban,,,,,,,,,,
227670575,40,tertiary,Urban,,,,,,,,,,
112798639,40,tertiary,Urban,,,,,,,,,,
76159746,40,tertiary,Urban,,,,,,,,,,
98468842,40,tertiary,Urban,,,,,,,,,,
967778651,60,primary,Urban,,,,,,,,,,
65033755,40,tertiary,Urban,,,,,,,,,,
259866199,60,secondary,Urban,,,,,,,,,,
934501189,60,secondary,Rural,,,,,,,,,,
22663870,40,tertiary,Urban,,,,,,,,,,
634250279,60,secondary,Urban,,,,,,,,,,
30778463,40,tertiary,Urban,,,,,,,,,,
29022443,40,secondary,Urban,,,,,,,,,,
393918254,20,secondary,Urban,,,,,,,,,,
607016785,40,tertiary,Urban,,,,,,,,,,
993302469,80,primary,Urban,,,,,,,,,,
160393771,50,trunk,Urban,,,,,,,,,,
1069462074,60,secondary,Rural,,,,,,,,,,
106509097,40,tertiary,Urban,,,,,,,,,,
623236388,40,tertiary,Urban,,,,,,,,,,
577205344,30,tertiary,Urban,,,,,,,,,,
169332184,60,primary,Urban,,,,,,,,,,
106768827,40,tertiary,Rural,,,,,,,,,,
106976357,60,secondary,Urban,,,,,,,,,,
166219900,60,secondary,Urban,,,,,,,,,,
91138372,30,tertiary,Urban,,,,,,,,,,
251713110,50,trunk,Urban,,,,,,,,,,
111563031,50,secondary,Urban,,,,,,,,,,
27421968,40,secondary,Urban,,,,,,,,,,
4271664,60,secondary,Rural,,,,,,,,,,
29565858,40,tertiary,Urban,,,,,,,,,,
31759697,30,secondary,Rural,,,,,,,,,,
44660376,40,tertiary,Rural,,,,,,,,,,
819754088,40,primary,Urban,,,,,,,,,,
736305183,60,primary,Urban,,,,,,,,,,
921700482,40,tertiary,Urban,,,,,,,,,,
52013373,80,primary,Rural,,,,,,,,,,
1169792564,50,trunk,Urban,,,,,,,,,,
27422089,40,tertiary,Urban,,,,,,,,,,
693661417,40,secondary,Urban,,,,,,,,,,
634047988,40,tertiary,Urban,,,,,,,,,,
4709409,20,tertiary,Urban,,,,,,,,,,
972163645,20,tertiary,Urban,,,,,,,,,,
12799522,30,tertiary,Urban,,,,,,,,,,
539666079,80,tertiary,Urban,,,,,,,,,,
108398721,50,secondary,Urban,,,,,,,,,,
67480204,40,tertiary,Urban,,,,,,,,,,
25862164,40,primary,Urban,,,,,,,,,,
30911120,40,tertiary,Urban,,,,,,,,,,
48955502,40,tertiary,Urban,,,,,,,,,,
47419246,40,tertiary,Urban,,,,,,,,,,
30161675,30,secondary,Urban,,,,,,,,,,
157331506,40,tertiary,Urban,,,,,,,,,,
27422086,40,tertiary,Urban,,,,,,,,,,
28206769,30,tertiary,Urban,,,,,,,,,,
10403920,30,tertiary,Urban,,,,,,,,,,
179633652,60,tertiary,Rural,,,,,,,,,,
27034736,30,trunk,Urban,,,,,,,,,,
157375129,40,secondary,Urban,,,,,,,,,,
4243612,20,tertiary,Urban,,,,,,,,,,
822116418,40,tertiary,Urban,,,,,,,,,,
32806691,40,tertiary,Urban,,,,,,,,,,
25935850,80,primary,Urban,,,,,,,,,,
666841276,40,tertiary,Urban,,,,,,,,,,
329637636,40,tertiary,Rural,,,,,,,,,,
26137549,40,tertiary,Urban,,,,,,,,,,
23961396,30,secondary,Urban,,,,,,,,,,
32404914,40,tertiary,Rural,,,,,,,,,,
159447273,30,secondary,Urban,,,,,,,,,,
169800560,40,tertiary,Urban,,,,,,,,,,
47483703,40,tertiary,Urban,,,,,,,,,,
135622376,40,tertiary,Urban,,,,,,,,,,
30177168,60,secondary,Urban,,,,,,,,,,
4270595,50,primary,Rural,,,,,,,,,,
104432204,40,tertiary,Urban,,,,,,,,,,
142237056,20,tertiary,Urban,,,,,,,,,,
643157814,40,secondary,Urban,,,,,,,,,,
69583031,20,tertiary,Urban,,,,,,,,,,
787467856,40,tertiary,Urban,,,,,,,,,,
921542697,40,tertiary,Urban,,,,,,,,,,
131593584,40,tertiary,Urban,,,,,,,,,,
28811051,60,primary,Urban,,,,,,,,,,
837585768,40,tertiary,Urban,,,,,,,,,,
51996835,40,tertiary,Urban,,,,,,,,,,
693411683,80,secondary,Urban,,,,,,,,,,
53138047,40,tertiary,Urban,,,,,,,,,,
24053890,20,tertiary,Urban,,,,,,,,,,
34613910,40,tertiary,Rural,,,,,,,,,,
53309175,30,secondary,Urban,,,,,,,,,,
273590743,60,secondary,Urban,,,,,,,,,,
952535955,40,tertiary,Urban,,,,,,,,,,
681043081,40,tertiary,Urban,,,,,,,,,,
5073937,40,tertiary,Urban,,,,,,,,,,
99345474,40,tertiary,Urban,,,,,,,,,,
212584992,80,secondary,Urban,,,,,,,,,,
764484149,40,tertiary,Urban,,,,,,,,,,
675456183,40,secondary,Urban,,,,,,,,,,
94057148,30,tertiary,Urban,,,,,,,,,,
36297581,30,tertiary,Urban,,,,,,,,,,
27421956,20,tertiary,Urban,,,,,,,,,,
22770730,40,tertiary,Urban,,,,,,,,,,
563501842,40,tertiary,Urban,,,,,,,,,,
169922807,60,secondary,Urban,,,,,,,,,,
98087357,40,tertiary,Urban,,,,,,,,,,
153005779,50,primary,Urban,,,,,,,,,,
57016687,30,tertiary,Urban,,,,,,,,,,
165944758,80,primary,Urban,,,,,,,,,,
23519463,40,tertiary,Urban,,,,,,,,,,
511851762,80,tertiary,Urban,,,,,,,,,,
166606701,40,tertiary,Urban,,,,,,,,,,
185227306,30,tertiary,Urban,,,,,,,,,,
388980610,60,tertiary,Urban,,,,,,,,,,
125734958,20,tertiary,Urban,,,,,,,,,,
71396621,30,tertiary,Urban,,,,,,,,,,
623976639,40,tertiary,Urban,,,,,,,,,,
258044979,60,secondary,Rural,,,,,,,,,,
157258937,40,tertiary,Urban,,,,,,,,,,
71937917,30,secondary,Urban,,,,,,,,,,
105251300,40,tertiary,Urban,,,,,,,,,,
105276046,40,secondary,Urban,,,,,,,,,,
107016755,30,primary,Rural,,,,,,,,,,
5545341,30,tertiary,Urban,,,,,,,,,,
4243609,80,primary,Urban,,,,,,,,,,
48734496,40,tertiary,Urban,,,,,,,,,,
28908393,40,tertiary,Urban,,,,,,,,,,
121380996,30,tertiary,Urban,,,,,,,,,,
57886930,40,tertiary,Urban,,,,,,,,,,
164878464,60,secondary,Urban,,,,,,,,,,
373216371,60,primary,Urban,,,,,,,,,,
27997202,60,secondary,Urban,,,,,,,,,,
148282906,40,tertiary,Urban,,,,,,,,,,
169405726,40,tertiary,Urban,,,,,,,,,,
32506737,40,tertiary,Urban,,,,,,,,,,
23519207,60,secondary,Urban,,,,,,,,,,
151359912,60,secondary,Urban,,,,,,,,,,
4243609,80,primary,Urban,,,,,,,,,,
32869999,40,tertiary,Urban,,,,,,,,,,
23212160,40,tertiary,Urban,,,,,,,,,,
77711239,40,tertiary,Urban,,,,,,,,,,
82995055,50,secondary,Urban,,,,,,,,,,
846584625,30,tertiary,Urban,,,,,,,,,,
229487783,30,tertiary,Rural,,,,,,,,,,
192228090,40,tertiary,Urban,,,,,,,,,,
122115945,30,tertiary,Rural,,,,,,,,,,
338245731,80,tertiary,Urban,,,,,,,,,,
52021374,40,tertiary,Urban,,,,,,,,,,
1224738546,40,tertiary,Urban,,,,,,,,,,
29108844,40,tertiary,Urban,,,,,,,,,,
339665427,40,tertiary,Urban,,,,,,,,,,
4243925,40,tertiary,Urban,,,,,,,,,,
10852550,30,tertiary,Urban,,,,,,,,,,
749089267,60,secondary,Urban,,,,,,,,,,
4483878,60,primary,Urban,,,,,,,,,,
57884305,40,tertiary,Urban,,,,,,,,,,
90799129,40,tertiary,Urban,,,,,,,,,,
713833753,20,tertiary,Urban,,,,,,,,,,
24158828,40,tertiary,Urban,,,,,,,,,,
19821323,30,tertiary,Urban,,,,,,,,,,
246786459,60,secondary,Urban,,,,,,,,,,
1047010173,30,tertiary,Urban,,,,,,,,,,
29086079,40,tertiary,Urban,,,,,,,,,,
541633397,80,tertiary,Urban,,,,,,,,,,
558963696,40,tertiary,Urban,,,,,,,,,,
127506892,40,secondary,Urban,,,,,,,,,,
32376934,40,primary,Rural,,,,,,,,,,
23087102,40,tertiary,Urban,,,,,,,,,,
1249813063,40,tertiary,Urban,,,,,,,,,,
28957492,30,tertiary,Urban,,,,,,,,,,
50425513,40,tertiary,Urban,,,,,,,,,,
157402554,40,tertiary,Urban,,,,,,,,,,
100281065,20,tertiary,Urban,,,,,,,,,,
